id,count,filename,md5hash,filetype,tagged_date,data
540,1,tiff_sample_3.tiff,e13e2d28ae8634e0d8753f96ffd7fddc,image/tiff,2023-12-13 00:25:20.041992,asd
541,2,gif_sample_4.gif,2c3b194e51a6df4f3d5fd699abcce0ad,image/gif,2023-12-13 00:25:27.082542,ad
542,3,tiff_sample_2.tiff,3d053c20f81faf8dfe11e552887158f5,image/tiff,2023-12-13 00:25:29.942313,af
543,4,jpeg_sample_7.jpeg,f2cd1526952b2565d6496dd79dfc4977,image/jpeg,2023-12-13 00:25:33.108708,asd
544,5,png_sample_2.png,e63e2389b1bdab32b81d303567f1f86b,image/png,2023-12-13 00:25:35.141874,da
545,6,jpeg_sample_1.jpg,5c2d58959a104e33999e49ab09e076aa,image/jpeg,2023-12-13 00:25:37.122318,ad
546,7,png_sample_3.png,d65a579734feec8b33f4511368dfd1d0,image/png,2023-12-13 00:25:39.955552,ad
547,8,jpeg_sample_2.jpg,b2594ff382a9e046a81015a0581690e6,image/jpeg,2023-12-13 00:25:44.271579,ae
548,9,webp_sample_1.webp,d3eb519d1e49d1d0b3998ab27145b3cc,image/webp,2023-12-13 00:25:48.635489,ed
549,10,gif_sample_2.gif,52c2bcbf3c0d488763c713b1e624c680,image/gif,2023-12-13 00:25:52.890724,feas
550,11,tiff_sample_4.tiff,9585e194de3f62e2cd3fe6dafb4a7c38,image/tiff,2023-12-13 00:25:55.090832,aef
551,12,gif_sample_3.gif,2223b8655945e18211fa3daa9fdf5ad7,image/gif,2023-12-13 00:26:01.602564,af
552,13,png_sample_1.png,8707904565974758d99017f48354a9f4,image/png,2023-12-13 00:26:05.402005,af
553,14,svg_sample_1.svg,0a75c4e3e44106fd604be3bd8e56ff0f,image/svg+xml,2023-12-13 00:26:10.131120,eaf
554,15,dng_sample_1.dng,3bf1e8efb5c0145f64708e0a7f83cf6b,image/tiff,2023-12-13 00:26:13.027647,af
555,16,jpeg_sample_3.jpeg,482acbd3b2e84c979584c8180a6c8b40,image/jpeg,2023-12-13 00:26:16.186179,af
556,17,gif_sample_6.gif,1f4f1efd117414feb898f28f388d9d2b,image/gif,2023-12-13 00:26:19.210191,afa
557,18,gif_sample_1.gif,6afce0c0862a2562c72693989f48a315,image/gif,2023-12-13 00:26:25.600947,af
558,19,jpeg_sample_5.jpeg,6363feb345ef3162993749efb8836b0f,image/jpeg,2023-12-13 00:26:27.424962,a
559,20,tiff_sample_5.tiff,754a7412e81bb745537731ea908450bf,image/tiff,2023-12-13 00:26:31.319434,az
560,21,jpeg_sample_4.jpeg,eb1747544ad7615846befc6d5aa9835c,image/jpeg,2023-12-13 00:26:35.754703,az
561,22,gif_sample_7.gif,e1560dadced72b118f07abf05e9ac589,image/gif,2023-12-13 00:26:42.083328,fdv
562,23,jpeg_sample_6.jpeg,9ba38b5c5b0775576f292fe6830f3880,image/jpeg,2023-12-13 00:26:45.223829,zvfd
563,24,tiff_sample_1.tiff,85cf2847d72d6c4c8efc7b02591ea4f2,image/tiff,2023-12-13 00:26:47.685644,fdzv
564,25,gif_sample_5.gif,258152d7aec20f59d57944c64daa6c36,image/gif,2023-12-13 00:26:50.700009,fv
